Application Number,Publication number,Title,Status,Country,Grant Date,Expiration date,size_family,number_citations,score
US10102568,US20020140615,Multilevel antenna,Inactive-Abandoned,United States,,2005-10-07,488,588,2.79854194442266
EP05000379,EP1526604,Multilevel antenna,Inactive-Withdrawn,European Patent,,2008-10-01,583,586,2.9876120827124675
EP05000379,DE29925006,Multilevel antenna,Inactive-Expired,Germany,2008-04-03,2009-09-20,586,586,3.20204297702141
EP08164491,EP2083475,Multilevel antenna,Inactive-Withdrawn,European Patent,,2011-06-10,583,586,2.9876120827124675
US13669916,US20130057450,Multilevel antenna,Inactive-Abandoned,United States,,2013-04-04,586,586,2.993709643688077
EP19990974041,26708BE2005,Multilevel antenna,Inactive-Abandoned,Italy,2005-03-30,2013-09-20,0,0,0.625
IN41KOL2007,,Multilevel antenna,Inactive-Abandoned,India,,2014-03-13,0,0,0.625
RU2002110442,RU2002110442,Multilevel antenna,Inactive-Abandoned,Russia,2005-06-10,2014-03-20,0,0,0.625
US11102390,US20050259009,Multilevel antenna,Inactive-Abandoned,United States,2006-10-17,2018-10-17,487,586,2.792490131492955
EP10185339,EP2273610,Multilevel antenna,Inactive-Withdrawn,European Patent,,2018-11-09,0,5,0.635048231511254
PI99174936,PI99174936,Multilevel antenna,Inactive-Abandoned,Brazil,2012-09-18,2019-06-20,0,0,0.8333333333333333
US16035981,US20180323500,Multilevel antenna,Inactive-Abandoned,United States,,2019-07-16,586,586,3.20204297702141
US12400888,US20090167625,Multilevel antenna,Inactive-Abandoned,United States,2011-08-30,2019-08-30,489,588,3.0089077980811965
EP19990974041,EP1223637,Multilevel antenna,Inactive-Expired,Great Britain,2005-03-30,2019-09-19,586,586,3.4103763103547435
CN99816960,CN1379921,Multilevel antenna,Inactive-Expired,China P.R.,2007-12-12,2019-09-20,586,586,3.4103763103547435
CN200710185111,CN101188325,Multilevel antenna,Inactive-Expired,China P.R.,2013-06-05,2019-09-20,586,586,3.4103763103547435
INPCT200200480,,Multilevel antenna,Inactive-Expired,India,2007-03-16,2019-09-20,0,0,1.0416666666666663
US15137782,US20160240914,Multilevel antenna,Inactive-Expired,United States,2017-09-12,2019-09-20,581,586,3.400213708728727
US15670866,US20170358853,Multilevel antenna,Inactive-Expired,United States,2018-08-21,2019-09-20,580,586,3.398181188403524
EP19990974041,EP1223637,Multilevel antenna,Inactive-Validated,European Patent,2005-03-30,2019-09-20,586,586,3.618709643688077
US13732761,US20130194154,Multilevel antenna,Inactive-Expired,United States,2015-06-09,2020-01-29,580,586,3.606514521736858
US11550276,US20070194992,Multilevel antenna,Inactive-Expired,United States,2009-03-17,2020-03-13,511,587,3.468280265600084
US13732743,US20130194152,Multilevel antenna,Inactive-Expired,United States,2015-03-10,2020-02-14,580,586,3.606514521736858
US13929441,US20130285859,Multilevel antenna,Inactive-Expired,United States,2016-01-19,2020-03-14,581,586,3.6085470420620607
US13732755,US20130194153,Multilevel antenna,Inactive-Expired,United States,2015-01-27,2020-03-18,581,586,3.6085470420620607
EP19990974041,EP1223637,Multilevel antenna,Inactive-Expired,France,2005-03-30,2019-09-20,586,586,3.4103763103547435
EP19990974041,DE69924535,Multilevel antenna,Inactive-Expired,Germany,2005-03-30,2019-09-20,586,586,3.4103763103547435
JP2001525799,JP2003510871T,Multilevel antenna,Inactive-Expired,Japan,2007-09-14,2019-09-20,0,0,1.0416666666666663
JP2007136626,JP2007251995,Multilevel antenna,Inactive-Expired,Japan,2008-10-03,2019-09-20,0,0,1.0416666666666663
PAA2002003084,MX224686,Multilevel antenna,Inactive-Expired,Mexico,2004-12-06,2019-09-20,0,0,1.0416666666666663
EP19990974041,ES2241378,Multilevel antenna,Inactive-Expired,Spain,2005-03-30,2019-09-20,586,586,3.4103763103547435
US10963080,US20050110688,Multilevel antenna,Inactive-Expired,United States,2006-03-21,2019-09-20,488,587,3.213198964787076
US11550256,US20070279289,Multilevel antenna,Inactive-Expired,United States,2008-07-01,2019-09-20,571,586,3.3798885054766945
US11179257,US20060290573,Multilevel antenna,Inactive-Expired,United States,2008-07-08,2019-09-20,488,587,3.213198964787076
US11780932,US20080042909,Multilevel antenna,Inactive-Expired,United States,2009-05-05,2019-09-20,500,587,3.2375892086895144
US13036819,US20110175777,Multilevel antenna,Inactive-Expired,United States,2012-04-10,2019-09-20,487,587,3.211166444461872
US13044189,US20110163923,Multilevel antenna,Inactive-Expired,United States,2012-04-10,2019-09-20,487,587,3.211166444461872
US13411212,US20120154244,Multilevel antenna,Inactive-Expired,United States,2012-12-11,2019-09-20,586,586,3.4103763103547435
US14825829,US20150349413,Multilevel antenna,Inactive-Expired,United States,2016-06-07,2019-09-20,586,586,3.4103763103547435
US13732750,US20130187827,Multilevel antenna,Inactive-Expired,United States,2015-04-07,2020-02-23,580,586,3.606514521736858
PCTES9900296,WO0122528,Multilevel antenna,Inactive-Nationalized,International,,,0,0,1.0416666666666667
JP2001533596,JP2003513496,Multiband antenna,Inactive-Sold,Japan,,2003-12-29,261,261,2.096672156432175
INPCT200200541,,Multiband antenna,Inactive-Sold,India,,2004-07-06,0,0,1.0416666666666667
EP99953985,EP1227545,Multiband antenna,Inactive-Sold,Belgium,2003-08-27,2004-08-27,261,261,2.096672156432175
EP99953985,EP1227545,Multiband antenna,Inactive-Sold,Turkish Cyprus,2003-08-27,2004-08-27,261,261,2.096672156432175
EP99953985,EP1227545,Multiband antenna,Inactive-Sold,Denmark,2003-08-27,2004-08-27,261,261,2.096672156432175
EP99953985,EP1227545,Multiband antenna,Inactive-Sold,Finland,2003-08-27,2004-08-27,261,261,2.096672156432175
EP99953985,GR20030404354,Multiband antenna,Inactive-Sold,Greece,2003-08-27,2004-08-27,0,0,1.0416666666666667
EP99953985,EP1227545,Multiband antenna,Inactive-Sold,Ireland,2003-08-27,2004-08-27,261,261,2.096672156432175
EP99953985,EP1227545,Multiband antenna,Inactive-Sold,Luxemburg,2003-08-27,2004-08-27,261,261,2.096672156432175
EP99953985,EP1227545,Multiband antenna,Inactive-Sold,Monaco,2003-08-27,2004-08-27,261,261,2.096672156432175
EP99953985,EP1227545,Multiband antenna,Inactive-Sold,Netherlands,2003-08-27,2004-08-27,261,261,2.096672156432175
EP99953985,EP1227545,Multiband antenna,Inactive-Sold,Portugal,2003-08-27,2004-08-27,261,261,2.096672156432175
EP99953985,EP1227545,Multiband antenna,Inactive-Sold,Sweden,2003-08-27,2004-08-27,261,261,2.096672156432175
EP99953985,EP1227545,Multiband antenna,Inactive-Sold,Switzerland,2003-08-27,2004-08-27,261,261,2.096672156432175
EP99953985,AT248443T,Multiband antenna,Inactive-Sold,Austria,2003-08-27,2004-09-15,0,0,1.0416666666666667
RU2002113646,SE401415,Multiband antenna,Inactive-Sold,Russia,2004-05-11,2005-10-26,6,6,1.065919666431391
PI9917541,PI9917541,Multiband antenna,Inactive-Sold,Brazil,,2006-01-10,0,0,1.0416666666666667
US10935559,US20050030247,Multiband antenna,Inactive-Sold,United States,,2006-05-24,252,264,2.084408412412098
EP99953985,EP1227545,Multiband antenna,Inactive-Sold,France,2003-08-27,2013-03-21,261,261,2.096672156432175
EP99953985,EP1227545,Multiband antenna,Inactive-Sold,Germany,2003-08-27,2013-03-21,261,261,2.096672156432175
EP99953985,EP1227545,Multiband antenna,Inactive-Sold,Great Britain,2003-08-27,2013-03-21,261,261,2.096672156432175
EP99953985,EP1227545,Multiband antenna,Inactive-Sold,Italy,2003-08-27,2013-03-21,261,261,2.096672156432175
EP99953985,EP1227545,Multiband antenna,Inactive-Sold,Spain,2003-08-27,2013-03-21,261,261,2.096672156432175
EP99953985,EP1227545,Multiband antenna,Inactive-Sold,European Patent,2003-08-27,2013-03-21,261,261,2.096672156432175
MX2002PA04221,MXPA02004221,Multiband antenna,Inactive-Sold,Mexico,2004-12-06,2015-04-03,261,261,2.096672156432175
US15875831,US20180145424,Multiband antenna,Inactive-Sold,United States,,2019-04-18,261,261,2.305005489765509
CN19990817022,CN1379922,Multiband antenna,Inactive-Sold,China P.R.,2005-04-06,2019-10-26,261,261,2.305005489765509
US10988261,US20050146481,Multiband antenna,Inactive-Sold,United States,2007-07-31,2019-10-26,166,264,2.117944997777952
US11803782,US20080036676,Multiband antenna,Inactive-Sold,United States,2009-07-07,2019-10-26,254,262,2.292787493791337
US12476308,US20090267863,Multiband antenna,Inactive-Sold,United States,2011-04-26,2019-10-26,168,264,2.1220100384283587
US13044831,US20110156986,Multiband antenna,Inactive-Sold,United States,2012-07-24,2019-10-26,260,261,2.3029729694403054
US13530249,US20120262359,Multiband antenna,Inactive-Sold,United States,2014-11-25,2019-10-26,258,261,2.298907928789899
US10135019,US20020171601,Multiband antenna,Inactive-Sold,United States,2005-08-30,2020-05-30,163,263,2.3181711238334253
US14529715,US20150065151,Multiband antenna,Inactive-Sold,United States,2018-02-27,2020-12-17,258,261,2.507241262123232
PCTES9900343,WO0131747,Multiband antenna,Inactive-Sold,International,,,0,0,1.0416666666666667
US10182635,,Miniature antenna,Inactive-Abandoned,United States,,2005-10-19,0,0,0.625
EP05000378,EP1538699,Miniature antenna,Inactive-Abandoned,European Patent,,2007-02-22,0,6,0.6370578778135049
EP06007350,EP1699110,Miniature antenna,Inactive-Withdrawn,European Patent,,2008-03-13,0,8,0.6410771704180064
EP05012854,DE20023881,Miniature antenna,Inactive-Expired,Germany,2007-02-15,2010-01-19,0,0,0.8333333333333333
EP06120498,EP1724874,Miniature antenna,Inactive-Abandoned,European Patent,,2011-09-15,6,6,0.6492529997647244
BR0017065,,Miniature antenna,Inactive-Abandoned,Brazil,,2012-02-20,0,0,0.625
JP2001553615,JP2003521146,Miniature antenna,Inactive-Abandoned,Japan,2008-01-25,2013-12-30,393,393,2.213571484589444
PAA2006007655,MX265596,Miniature antenna,Inactive-Abandoned,Mexico,2009-04-14,2014-06-30,0,0,0.625
RU2002122110,RU2002122110,Miniature antenna,Inactive-Abandoned,Russia,2005-10-27,2014-06-30,0,0,0.625
EP00909089,EP1258054,Miniature antenna,Inactive-Abandoned,France,2005-08-17,2014-07-30,393,393,2.213571484589444
EP00909089,EP1258054,Miniature antenna,Inactive-Abandoned,Great Britain,2005-08-17,2014-07-30,393,393,2.213571484589444
EP00909089,IT30339BE2005,Miniature antenna,Inactive-Abandoned,Italy,2005-08-17,2014-07-30,0,0,0.625
EP10180798,EP2267838,Miniature antenna,Inactive-Abandoned,European Patent,,2014-09-08,6,6,0.6492529997647244
US11110052,US20050195112,Miniature antenna,Inactive-Abandoned,United States,2006-12-12,2018-12-12,294,393,2.012351972394322
US11154843,US20050231427,Miniature antenna,Inactive-Abandoned,United States,2007-01-16,2019-01-16,294,394,2.222694952029906
US11179250,US20050264453,Miniature antenna,Inactive-Abandoned,United States,2007-04-10,2019-04-10,294,394,2.222694952029906
EP00909089,DE60022096,Miniature antenna,Inactive-expired,Germany,2005-08-17,2020-01-19,393,393,2.838571484589444
EP00909089,ES2246226,Miniature antenna,Inactive-Expired,Spain,2005-08-17,2020-01-19,393,393,2.838571484589444
EP05012854,EP1592083,Miniature antenna,Inactive-Expired,France,2013-04-03,2020-01-19,388,395,2.8324281755679293
EP05012854,DE60047936,Miniature antenna,Inactive-Expired,Germany,2013-04-03,2020-01-19,0,0,1.25
EP05012854,EP1592083,Miniature antenna,Inactive-Expired,Spain,2013-04-03,2020-01-19,388,395,2.8324281755679293
EP05012854,EP1592083,Miniature antenna,Inactive-Expired,Netherlands,2013-04-03,2020-01-19,388,395,2.8324281755679293
CN00818542,CN1425208,Miniature antenna,Inactive-Expired,China P.R.,2008-05-03,2020-01-19,393,393,2.838571484589444
CN200710104517,CN101090173,Miniature antenna,Inactive-Expired,China P.R.,2012-11-28,2020-01-19,1,1,1.2540421666274542
INPCT200200929,INPCT200200,Miniature antenna,Inactive-Expired,India,2007-09-13,2020-01-19,0,0,1.25
IN602KOL2006,IN276113,Miniature antenna,Inactive-Expired,India,2016-09-30,2020-01-19,0,0,1.25
JP2007120796,JP2007267402,Miniature antenna,Inactive-Expired,Japan,2011-04-28,2020-01-19,0,2,1.2540192926045015
PAA2002007113,PAA2002007113,Miniature antenna,Inactive-Expired,Mexico,2006-07-14,2020-01-19,0,0,1.25
US16432058,US20190312343,Miniature antenna,Inactive-expired,United States,,2020-01-19,392,393,2.836538964264241
US11686804,US20070152886,Miniature antenna,Inactive-Expired,United States,2009-06-30,2020-01-19,320,394,2.6922071471518576
US13020034,US20110181481,Miniature antenna,Inactive-Expired,United States,2013-06-25,2020-01-19,295,395,2.6434037853240264
EP00909089,EP1258054,Miniature antenna,Inactive-Validated,European Patent,2005-08-17,2020-01-19,393,393,3.0469048179227776
EP05012854,EP1592083,Miniature antenna,Inactive-Validated,European Patent,2013-04-03,2020-01-19,388,395,3.040761508901263
US12498090,US20090303134,Miniature antenna,Inactive-Expired,United States,2012-06-26,2020-04-03,294,394,2.639361618696573
US13044207,US20110177839,Miniature antenna,Inactive-Expired,United States,2013-10-15,2020-04-10,295,395,2.6434037853240264
US13038883,US20110181478,Miniature antenna,Inactive-Expired,United States,2013-12-17,2020-04-21,295,395,2.6434037853240264
US12347462,US20090109101,Miniature antenna,Inactive-Expired,United States,2012-07-03,2020-08-26,294,394,2.639361618696573
US14045241,US20140028505,Miniature antenna,Inactive-Expired,United States,2016-05-03,2020-11-02,392,393,2.836538964264241
US15084140,US20160285168,Miniature antenna,Inactive-expired,United States,2019-07-16,2021-01-29,392,393,3.044872297597574
PCTEP0000411,WO0154225,Miniature antenna,Inactive-Nationalized,International,,,0,0,1.0416666666666667
RU2002122107,,Miniature antenna,Inactive-Abandoned,Russia,,2004-01-16,0,0,0.625
BR2000017066,BR0017066,Miniature antenna,Inactive-Abandoned,Brazil,,2004-01-19,97,97,1.017090162863043
INPCT200200908,,Miniature antenna,Inactive-Abandoned,India,,2004-05-11,0,0,0.625
JP20010553611,JP2003520542,Miniature antenna,Inactive-Abandoned,Japan,,2004-08-25,97,97,1.017090162863043
PAA2002007112,,Miniature antenna,Inactive-Abandoned,Mexico,,2005-05-03,0,0,0.625
CN00819117,CN1434988,Miniature antenna,Inactive-Abandoned,China P.R.,,2007-06-12,97,97,1.017090162863043
US10181790,,Miniature antenna,Inactive-Sold,United States,2007-07-17,2020-01-19,0,0,1.4583333333333337
EP00902622,EP1269562,Miniature antenna,Inactive-Sold,European Patent,,2020-01-19,95,97,1.8463584555459704
US11821401,US20080011509,Miniature antenna,Inactive-Sold,United States,2009-05-26,2020-07-12,27,100,1.7141760123389016
PCTEP0000422,WO0154221,Miniature antenna,Inactive-Nationalized,International,,,0,0,1.0416666666666667
EP09152271,,Miniature antenna,Inactive-Sold,European Patent,,,0,0,1.0416666666666667
IN00929KOLNP2003,,Miniature antenna,Inactive-Sold,India,,2003-12-30,0,0,1.0416666666666667
MX2003PA07030,MXPA03007030,Miniature antenna,Inactive-Sold,Mexico,,2003-12-30,104,104,1.4620519959218887
KR20037010345,,Miniature antenna,Inactive-Sold,South Korea,,2003-12-30,0,0,1.0416666666666667
BR20010016866,BR0116866,Miniature antenna,Inactive-Sold,Brazil,,2004-12-30,104,104,1.4620519959218887
CN01822540,CN1489804,Min patch antenna,Inactive-Sold,China P.R.,,2004-12-30,104,104,1.4620519959218887
JP20020563556,JP2004520745,Miniature antenna,Inactive-Sold,Japan,,2004-12-30,104,104,1.4620519959218887
RU2003127079,,Miniature antenna,Inactive-Sold,Russia,,2004-12-30,0,0,1.0416666666666667
EP01911611,EP1358696,Miniature antenna,Inactive-Sold,European Patent,,2010-01-16,104,104,1.4620519959218887
US10632604,US20040061648,Miniature antenna,Inactive-Sold,United States,2005-03-22,2021-02-12,93,104,2.064694272344653
PCTEP0101287,WO02063714,Miniature antenna,Inactive-Sold,International,,,0,0,1.0416666666666667
CN01823253,CN1507673,Dual-polarized antenna,Inactive-Sold,China P.R.,,2004-12-30,122,122,1.5348109952160616
RU2003133306,,Dual-polarized antenna,Inactive-Sold,Russia,,2004-12-30,0,0,1.0416666666666667
BR20010016985,BR0116985,Dual-polarized antenna,Inactive-Sold,Brazil,,2005-12-30,122,122,1.5348109952160616
IN1410KOLNP2003,,Dual-polarized antenna,Inactive-Sold,India,,2005-12-30,0,0,1.0416666666666667
MX2003PA09485,MX2003PA09485,Dual-polarized antenna,Inactive-Sold,Mexico,,2005-12-30,0,0,1.0416666666666667
EP01929562,EP1380069,Dual-polarized antenna,Inactive-Sold,Germany,2007-06-06,2009-12-30,122,122,1.5348109952160616
EP01929562,EP1380069,Dual-polarized antenna,Inactive-Sold,Spain,2007-06-06,2021-04-16,122,122,2.159810995216062
EP01929562,EP1380069,Dual-polarized antenna,Inactive-Sold,European Patent,2007-06-06,2021-04-16,122,122,2.159810995216062
US10686223,US20040145526,Dual-polarized antenna,Inactive-Sold,United States,2005-08-30,2021-06-13,24,124,1.9646432959506448
PCTEP0104288,WO02084790,Dual-polarized antenna,Inactive-Sold,International,,,0,0,1.0416666666666667
EP01983481,EP1425820,Miniature antenna,Inactive-Abandoned,European Patent,,2007-09-04,46,53,0.8250071889786423
IN00445KOLNP2004,,Miniature antenna,Inactive-Abandoned,India,,2008-07-24,0,0,0.625
JP20030527836,JP2005503062,Miniature antenna,Inactive-Abandoned,Japan,,2008-10-16,53,53,0.839234831255065
MX2004PA02384,MXPA04002384,Miniature antenna,Inactive-Abandoned,Mexico,,2008-10-16,53,53,0.839234831255065
RU2004111002,RU2004111002,Miniature antenna,Inactive-Abandoned,Russia,2007-07-27,2008-10-16,53,53,0.839234831255065
KR1020047003660,,Miniature antenna,Inactive-Abandoned,South Korea,,2008-10-16,0,0,0.625
EP07107431,EP1837950,Miniature antenna,Inactive-Abandoned,European Patent,,2009-03-06,0,9,0.6430868167202572
BR20010017125,BR0117125,Miniature antenna,Inactive-Abandoned,Brazil,,2010-04-13,53,53,0.839234831255065
CN20010823618,CN1545749,Miniature antenna,Inactive-Abandoned,China P.R.,,2010-12-29,53,53,0.839234831255065
US10797732,US20040217916,Miniature antenna,Inactive-Expired,United States,2008-04-22,2021-09-13,33,53,1.6319177580843331
US12033446,US20080174507,Miniature antenna,Inactive-Expired,United States,2010-03-30,2021-09-13,26,55,1.621709408412412
US12652412,US20100141548,Miniature antenna,Inactive-Expired,United States,2011-03-22,2021-09-13,22,55,1.6135793271115992
US13017226,US20120026058,Miniature antenna,Inactive-Expired,United States,2013-11-12,2021-09-13,49,53,1.664438083287585
PCTEP0110589,WO03023900,Miniature antenna,Inactive-Nationalized,International,,,0,0,1.0416666666666667
EP01274549,EP1436857,Multifrequency antenna,Inactive-Sold,Spain,2008-01-23,2008-10-17,127,127,1.5550218283533317
EP01274549,EP1436857,Multifrequency antenna,Inactive-Sold,Germany,2008-01-23,2009-05-01,127,127,1.5550218283533317
EP01274549,EP1436857,Multifrequency antenna,Inactive-Sold,European Patent,2008-01-23,2009-05-01,127,127,1.5550218283533317
US10823206,US20050190106,Multifrequency antenna,Inactive-Sold,United States,2007-04-10,2023-01-22,29,129,2.401520795754581
PCTEP0111913,WO03034545,Multifrequency antenna,Inactive-Sold,International,,,0,0,1.0416666666666667
JP2003537152,,Loaded antenna,Inactive-Abandoned,Japan,,2004-11-22,0,0,0.625
PI0117154,,Loaded antenna,Inactive-Abandoned,Brazil,,2005-10-15,0,0,0.625
CN200710193346,CN101262087,Loaded antenna,Inactive-Abandoned,China P.R.,,2008-11-11,0,0,0.625
EP06018550,EP1732162,Loaded antenna,Inactive-Withdrawn,European Patent,,2011-07-06,0,7,0.6390675241157556
EP10180806,EP2264829,Loaded antenna,Inactive-Withdrawn,European Patent,,2011-07-06,2,7,0.6431325647661622
CN01823716,CN1559093,Loaded antenna,Inactive-Abandoned,China P.R.,2008-04-16,2013-10-16,160,160,1.2717466603926488
EP01274550,EP1444751,Loaded antenna,Inactive-Abandoned,Great Britain,2007-06-13,2013-10-16,160,160,1.2717466603926488
EP01274550,IT29990BE2007,Loaded antenna,Inactive-Abandoned,Italy,2007-06-13,2013-10-16,0,0,0.625
EP01274550,EP1444751,Loaded antenna,Inactive-Abandoned,France,2007-06-13,2013-10-31,160,160,1.2717466603926488
US12429360,US20090237316,Loaded antenna,Inactive-Abandoned,United States,,2014-02-06,63,163,1.0806211277546858
EP01274550,DE60128968,Loaded antenna,Inactive-Abandoned,Germany,2007-06-13,2014-05-01,160,160,1.2717466603926488
US10822933,US20060077101,Loaded antenna,Inactive-Abandoned,United States,2007-12-25,2019-12-25,62,162,1.284912294460565
EP01274550,EP1444751,Loaded antenna,Inactive-Abandoned,Spain,2007-06-13,2020-04-16,160,160,1.6884133270593151
EP01274550,EP1444751,Loaded antenna,Inactive-Abandoned,European Patent,2007-06-13,2020-04-16,160,160,1.6884133270593151
US11824823,US20080122715,Loaded antenna,Inactive-Abandoned,United States,2009-06-02,2021-06-02,159,160,1.8947141400674457
US13047205,US20120154231,Loaded antenna,Inactive-Expired,United States,2017-09-05,2021-11-14,305,308,2.6972230936135726
PCTEP0111914,WO03034538,Loaded antenna,Inactive-Nationalized,International,,,0,0,1.0416666666666667
EP06000450,,Multiband antenna,Inactive-Abandoned,European Patent,,2007-01-11,0,0,0.625
EP01982434,EP1436858,Multiband antenna,Inactive-Refused,European Patent,,2008-03-04,178,178,1.344505659686822
EP08152010,EP1942551,Multiband antenna,Inactive-Withdrawn,European Patent,,2009-04-10,167,178,1.322147936109586
US10823257,US20040257285,Multiband antenna,Inactive-Expired,United States,2007-05-08,2021-10-16,80,180,1.9826712937547384
US11702791,US20070132658,Multiband antenna,Inactive-Expired,United States,2008-10-21,2021-10-16,80,180,1.9826712937547384
US12910016,US20110260926,Multiband antenna,Inactive-Expired,United States,2012-07-24,2021-10-16,178,178,2.1778389930201554
US13532869,US20130162489,Multiband antenna,Inactive-Expired,United States,2014-05-13,2021-12-13,171,178,2.163611350743732
US12229483,US20090066582,Multiband antenna,Inactive-Expired,United States,2011-04-05,2022-01-19,166,179,2.3637917287533003
PCTEP0111912,WO03034544,Multiband antenna,Inactive-Nationalized,International,,,0,0,1.0416666666666667
EP02380242,EP1317018,Multilevel antenna,Inactive-Withdrawn,European Patent,,2005-03-18,99,107,1.041251666535958
ES200102675,ES2190749,Multilevel antenna,Inactive-Abandoned,Spain,2004-06-16,2013-05-30,101,107,1.0453167071863645
US10305788,US20030137442,Multilevel antenna,Inactive-Abandoned,United States,2005-04-05,2017-04-05,102,107,1.0473492275115677
CN01823873,CN1582515,Unknown antenna,Inactive-Withdrawn,China P.R.,,2007-09-05,25,25,0.7260541656863515
EP01984813,EP1451893,Unknown antenna,Inactive-Sold,European Patent,,2011-07-01,25,25,1.1427208323530182
US10858457,US20050161514,Unknown antenna,Inactive-Sold,United States,,2021-12-10,12,25,1.741298068125376
US11789724,US20080006703,Unknown antenna,Inactive-Sold,United States,2009-04-21,2021-12-10,11,25,1.7392655478001726
US12263718,US20090101722,Unknown antenna,Inactive-Sold,United States,,2021-12-10,11,26,1.7412751941024234
PCTEP0114453,WO03050913,Unknown antenna,Inactive-Nationalized,International,,,0,0,1.0416666666666667
CN02829214,CN1630962,Multiband antenna,Inactive-Abandoned,China P.R.,,2005-06-14,75,75,0.9281624970590542
PI0215790,,Multiband antenna,Inactive-Abandoned,Brazil,,2005-08-12,0,0,0.625
JP2004514603,,Multiband antenna,Inactive-Abandoned,Japan,,2005-08-31,0,0,0.625
KR1020047020885,,Multiband antenna,Inactive-Abandoned,South Korea,,2007-06-25,0,0,0.625
EP02748816,EP1516388,Multiband antenna,Inactive-Abandoned,European Patent,,2013-02-05,75,75,0.9281624970590542
US13011160,US20120019416,Multiband antenna,Inactive-Abandoned,United States,,2013-12-02,73,76,0.9261071027108984
US12316460,US20100149064,Multiband antenna,Inactive-Abandoned,United States,2011-03-08,2015-03-08,70,75,0.917999895433038
US11021597,US20050259013,Multiband antenna,Inactive-Expired,United States,2009-02-03,2023-01-19,32,76,2.092773769377565
PCTEP0207002,WO2004001894,Multiband antenna,Inactive-Nationalized,International,,,69,75,1.3326340417745013
JP2004522141,,Multilevel antenna,Inactive-Sold,Japan,,2005-10-25,0,0,1.0416666666666667
PI0215818,,Multilevel antenna,Inactive-Sold,Brazil,,2005-12-30,0,0,1.0416666666666667
CN02829211,,Multilevel antenna,Inactive-Sold,China P.R.,,2007-07-12,0,0,1.0416666666666667
EP02751139,EP1522125,Multilevel antenna,Inactive-Sold,European Patent,,2010-02-02,33,33,1.1750581653726506
US11036511,US20050128148,Multilevel antenna,Inactive-Sold,United States,2007-12-18,2022-11-17,10,33,1.9616435312263087
PCTEP0207835,WO2004010535,Multilevel antenna,Inactive-Sold,International,,,31,33,1.170993124722244
CN02829281,,Multihole antenna,Inactive-Abandoned,China P.R.,,2005-10-07,0,0,0.625
PI0215817,,Multihole antenna,Inactive-Abandoned,Brazil,,2006-03-01,0,0,0.625
JP2004522142,,Multihole antenna,Inactive-Abandoned,Japan,,2008-02-20,0,0,0.625
EP02762359,EP1522123,Multihole antenna,Inactive-Refused,European Patent,,2008-11-10,36,38,0.7745372911928478
JP2007287485,JP2008099310,Multihole antenna,Inactive-Abandoned,Japan,,2009-01-19,0,0,0.625
EP08105740,EP2056398,Multihole antenna,Inactive-Abandoned,European Patent,,2011-07-01,34,39,0.772481896844692
US13015901,US20120026045,Multihole antenna,Inactive-Abandoned,United States,,2013-07-16,37,39,0.7785794578203018
US11036509,US20050156803,Multihole antenna,Inactive-Expired,United States,2008-12-30,2022-07-15,22,39,1.7897583196089195
US12246964,US20090073067,Multihole antenna,Inactive-Expired,United States,2011-03-15,2022-07-15,20,39,1.785693278958513
PCTEP0207836,WO2004010532,Multihole antenna,Inactive-Nationalized,International,,,35,39,1.191181083836562
EP02751140,EP1522122,Notched-fed antenna,Inactive-Refused,European Patent,,2010-06-17,59,62,0.8695167699265417
EP10164741,EP2237375,Notched-fed antenna,Inactive-Withdrawn,European Patent,,2012-05-07,56,62,0.8634192089509319
US11796368,US20080129627,Notched-fed antenna,Inactive-Abandoned,United States,,2013-10-22,13,65,0.7820497738739445
US11033788,US2005116873,Notched-fed antenna,Inactive-Expired,United States,2008-03-11,2022-07-15,0,0,1.6666666666666663
PCTEP0207837,WO2004010531,Notched-fed antenna,Inactive-Nationalized,International,,,56,62,1.2800858756175986
JP2004535041,JP2005538623,Multiband antenna,Inactive-Abandoned,Japan,,2007-12-17,55,55,0.8473191645099731
EP08152762,,Multiband antenna,Inactive-Withdrawn,European Patent,,2008-04-09,0,0,0.625
KR20057003995,,Multiband antenna,Inactive-Abandoned,South Korea,,2009-02-25,0,0,0.625
PI0215864,,Multiband antenna,Inactive-Abandoned,Brazil,,2009-09-10,0,0,0.625
JP2007324545,JP2008113462,Multiband antenna,Inactive-Abandoned,Japan,,2009-11-27,0,0,0.625
CN02829594,CN1669182,Multiband antenna,Inactive-Abandoned,China P.R.,,2010-02-22,55,55,0.8473191645099731
EP02807795,EP1547194,Multiband antenna,Inactive-Withdrawn,European Patent,,2010-07-06,55,55,0.8473191645099731
EP10167660,EP2230723,Multiband antenna,Inactive-Withdrawn,European Patent,,2011-07-01,0,9,0.6430868167202572
US14627785,US20150162666,Multiband antenna,Inactive-Abandoned,United States,,2016-09-29,55,55,0.8473191645099731
US16913561,US20200395666,Multiband antenna,Inactive-Abandoned,United States,,2022-04-28,55,55,1.6806524978433064
US15050037,US20160172758,Multiband antenna,Inactive-Expired,United States,2018-11-20,2022-09-10,53,55,1.884920790526233
US16164472,US20190288393,Multiband antenna,Inactive-Expired,United States,2019-11-05,2022-09-10,55,55,1.8889858311766397
US16584026,US20200099133,Multiband antenna,Inactive-Expired,United States,2020-08-04,2022-09-10,55,55,1.8889858311766397
US11075980,US20050195124,Multiband antenna,Inactive-Expired,United States,2008-01-01,2022-10-09,42,56,1.864572713251248
US11950835,US20080129630,Multiband antenna,Inactive-Expired,United States,2015-03-31,2022-10-09,32,56,1.8442475099992155
PCTEP0211355,WO2004025778,Multiband antenna,Inactive-Nationalized,International,,,49,55,1.25179070922542
INPCT1960DELNP2005,,Miniature antenna,Inactive-Abandoned,India,,2005-09-08,0,0,0.625
CN02830136,,Miniature antenna,Inactive-Abandoned,China P.R.,,2006-03-27,0,0,0.625
KR1020057008116,,Miniature antenna,Inactive-Abandoned,South Korea,,2006-04-06,0,0,0.625
EP02774773,EP1563570,Miniature antenna,Inactive-Withdrawn,European Patent,,2009-01-28,157,157,1.2596201605102868
JP20040548700,JP2006505973,Miniature antenna,Inactive-Abandoned,Japan,,2009-01-30,157,157,1.2596201605102868
JP2008197295,JP2008259250,Miniature antenna,Inactive-Abandoned,Japan,,2009-04-06,0,0,0.625
US15673164,US20170358862,Miniature antenna,Inactive-Expired,United States,2018-08-21,2022-11-07,154,157,2.295189266201344
US16041382,US20180331427,Miniature antenna,Inactive-Expired,United States,2019-06-11,2022-11-07,157,157,2.3012868271769533
US16396334,US20200028264,Miniature antenna,Inactive-Expired,United States,2020-05-05,2022-11-07,154,157,2.295189266201344
US11040622,US20060033664,Miniature antenna,Inactive-Expired,United States,2006-08-22,2022-11-07,152,157,2.291124225550937
US11488107,US20060256018,Miniature antenna,Inactive-Expired,United States,2008-12-09,2022-11-07,125,157,2.2362461767704493
US12240088,US20090085810,Miniature antenna,Inactive-Expired,United States,2012-06-19,2022-11-07,100,160,2.19146210754712
US14733311,US20150303575,Miniature antenna,Inactive-Expired,United States,2017-09-12,2022-11-07,155,157,2.297221786526547
US13475419,US20120249380,Miniature antenna,Granted,United States,2015-07-07,2023-12-14,154,157,2.920189266201344
PCTEP0212427,WO2004042868,Miniature antenna,Inactive-Nationalized,International,,,152,157,1.666124225550937
US16832867,US20200295462,Miniature antenna,Inactive-Expired,United States,,2022-11-07,157,157,2.3012868271769533
BR2002EP14706,BR0215993,Multiband antenna,Inactive-Abandoned,Brazil,,2005-10-10,205,205,1.4536441586280813
JP2004561113,JP2006510321,Multiband antenna,Inactive-Abandoned,Japan,,2009-01-21,186,205,1.4150262724492195
JP2008003837,JP2008141780,Multiband antenna,Inactive-Abandoned,Japan,,2009-01-21,0,0,0.625
CN02830077,CN1720639,Multiband antenna,Inactive-Abandoned,China P.R.,,2009-03-13,205,205,1.4536441586280813
EP02808265,EP1586133,Multiband antenna,Inactive-Withdrawn,European Patent,,2010-11-10,205,205,1.4536441586280813
EP10180818,EP2273611,Multiband antenna,Inactive-Abandoned,Spain,2012-02-08,2013-12-12,198,205,1.4394165163516588
EP10180818,,Multiband antenna,Inactive-Abandoned,Italy,2012-02-08,2013-12-22,0,0,0.625
EP10180818,EP2273611,Multiband antenna,Inactive-Abandoned,France,2012-02-08,2013-12-31,198,205,1.4394165163516588
EP10180818,DE60242208,Multiband antenna,Inactive-Abandoned,Germany,2012-02-08,2014-07-01,0,0,0.625
EP10180818,EP2273611,Multiband antenna,Inactive-Abandoned,European Patent,2012-02-08,2014-07-01,198,205,1.4394165163516588
KR1020057011265,KR0806654,Multiband antenna,Inactive-Abandoned,South Korea,2008-02-18,2018-08-18,0,0,0.625
KR1020077021936,KR0859580,Multiband antenna,Inactive-Abandoned,South Korea,2008-09-16,2020-03-16,0,0,1.0416666666666663
US11713324,US20070152894,Multiband antenna,Inactive-Expired,United States,2008-07-22,2022-12-22,145,208,2.3793885446893053
US11124768,US20050259031,Multiband antenna,Inactive-Expired,United States,2008-08-12,2022-12-22,165,207,2.41802930489112
US12055748,US20080211722,Multiband antenna,Inactive-Expired,United States,2010-03-09,2022-12-22,187,206,2.46073510574334
US12652974,US20100123642,Multiband antenna,Inactive-Expired,United States,2012-08-28,2022-12-22,114,214,2.328438292421509
US13029382,US2012044124,Multiband antenna,Inactive-Expired,United States,2012-09-04,2022-12-22,0,0,1.6666666666666663
US13556626,US20120287001,Multiband antenna,Inactive-Expired,United States,2014-03-18,2022-12-22,204,205,2.493278304969545
PCTEP0214706,WO2004057701,Multiband antenna,Inactive-Nationalized,International,,,195,205,1.849985622042716
EP03815361,EP1586134,Microstrip patch antenna,Inactive-Sold,European Patent,,2009-08-01,60,60,1.2841966643139102
US11186538,US20050285795,Microstrip patch antenna,Inactive-Sold,United States,2008-09-09,2023-01-24,23,62,2.254679371552558
US12204492,US20090046015,Microstrip patch antenna,Inactive-Sold,United States,2011-09-27,2023-05-20,18,62,2.2445167699265416
PCTEP0300757,WO2004066437,Microstrip patch antenna,Inactive-Sold,International,,,59,60,1.2821641439887068
EP03815944,32121BE2008,Miniature antenna,Inactive-Abandoned,Italy,2008-08-20,2010-02-19,0,0,0.625
EP03815944,EP1597794,Miniature antenna,Inactive-Abandoned,Finland,2008-08-20,2010-02-19,84,84,0.9645419967061408
EP03815944,EP1597794,Miniature antenna,Inactive-Abandoned,France,2008-08-20,2010-03-01,84,84,0.9645419967061408
EP08000506,EP1912280,Miniature antenna,Inactive-Withdrawn,European Patent,,2011-08-26,82,84,0.960476956055734
EP03815944,EP1597794,Miniature antenna,Inactive-Sold,Germany,2008-08-20,2023-02-19,84,84,2.422875330039474
EP03815944,EP1597794,Miniature antenna,Inactive-Sold,Great Britain,2008-08-20,2023-02-19,84,84,2.422875330039474
EP03815944,EP1597794,Miniature antenna,Inactive-Expired,Spain,2008-08-20,2023-02-19,84,84,2.214541996706141
US13400895,US20120212385,Miniature antenna,Inactive-Expired,United States,2013-11-26,2023-02-19,82,84,2.210476956055734
EP03815944,EP1597794,Miniature antenna,Inactive-Validated,European Patent,2008-08-20,2023-02-19,84,84,2.422875330039474
US12364066,US20090167612,Miniature antenna,Inactive-Expired,United States,2012-04-03,2023-03-26,30,84,2.104785899145165
US11202881,US20060082505,Miniature antenna,Inactive-Sold,United States,2009-03-17,2023-07-08,32,84,2.317184273128905
PCTEP0301695,WO2004075342,Miniature antenna,Inactive-Nationalized,International,,,77,84,1.3669810210963846
US60540450,,Multiband antenna,Inactive-Expired,United States,,2005-01-30,0,0,0.8333333333333333
EP05707076,EP1709704,Multiband antenna,Inactive-Withdrawn,European Patent,,2012-04-13,205,205,1.4536441586280813
US13874914,US20130249768,Multiband antenna,Inactive-Abandoned,United States,,2014-02-05,205,205,1.4536441586280813
US10584442,US20070046548,Multiband antenna,Inactive-Expired,United States,2008-09-09,2022-12-22,165,207,2.41802930489112
US12228487,US20090033561,Multiband antenna,Granted,United States,2013-06-04,2025-11-24,122,221,3.192099312472224
PCTEP2005000880,WO2005076407,Multiband antenna,Inactive-Nationalized,International,,,199,205,1.8581157033435285
US60540448,,Multiband antenna,Inactive-Expired,United States,,2005-01-30,0,0,0.8333333333333333
EP05707075,EP1714353,Multiband antenna,Inactive-Withdrawn,European Patent,,2009-08-01,81,81,0.9524154968237786
US10587119,US20070152887,Multiband antenna,Granted,United States,2008-08-26,2024-01-30,54,83,2.7765567406477927
PCTEP2005000879,WO2005076409,Multiband antenna,Inactive-Nationalized,International,,,74,82,1.3568641675162731
US60548050,,Unknown antenna,Inactive-Expired,United States,,2005-02-26,0,0,0.8333333333333333
EP05715588,EP1719202,Unknown antenna,Inactive-Withdrawn,European Patent,,2008-08-19,34,34,0.7624336653334379
US10588640,US20070159401,Unknown antenna,Granted,United States,2008-11-25,2024-02-26,11,34,2.590685697853764
PCTEP2005002075,WO2005083833,Unknown antenna,Inactive-Nationalized,International,,,29,35,1.1709473766763392
US60567615,,Unknown antenna,Inactive-Expired,United States,,2005-05-03,0,0,0.8333333333333333
EP04731351,EP1745418,Multifrequency antenna,Inactive-Abandoned,European Patent,,2009-09-02,8,8,0.6573373330196325
US11556455,US20070120742,Multifrequency antenna,Inactive-Expired,United States,2010-09-07,2022-11-07,104,160,2.1995921888479333
US12845230,US20100328185,Multifrequency antenna,Inactive-Expired,United States,2013-04-16,2022-11-07,74,162,2.1426358716963376
PCTEP2004004851,WO2005109330,Multifrequency antenna,Inactive-Nationalized,International,,,0,8,1.057743837084673
US60590695,,Unknown antenna,Inactive-Expired,United States,,2005-07-23,0,0,0.8333333333333333
EP05761383,EP1771919,Unknown antenna,Inactive-Abandoned,European Patent,,2009-03-24,117,117,1.0979334954121245
US13673750,US20130313692,Unknown antenna,Inactive-Abandoned,United States,,2014-03-22,117,117,1.0979334954121245
US11572380,US2008265038,Unknown antenna,Granted,United States,2012-12-11,2027-12-06,0,0,2.5
PCTEP2005008032,WO2006008180,Unknown antenna,Inactive-Nationalized,International,,,112,117,1.5044375604527749
US60606038,,Multiband antenna,Inactive-Sold,United States,,2005-08-31,0,0,1.0416666666666667
EP05783771,EP1784894,Multiband antenna,Inactive-Sold,European Patent,,2009-06-04,101,101,1.4499254960395265
US11660802,US20080062062,Multiband antenna,Inactive-Sold,United States,2011-01-11,2026-08-22,75,101,2.6470799675842422
PCTEP2005009376,WO2006024516,Multiband antenna,Inactive-Sold,International,,,98,101,1.4438279350639167
EP05103226,,Multiband antenna,Inactive-Sold,European Patent,,2006-04-21,0,0,1.0416666666666667
US60678569,,Multiband antenna,Inactive-Sold,United States,,2006-05-06,0,0,1.0416666666666667
US60611889,,Multilevel antenna,Inactive-Expired,United States,,2005-09-21,0,0,0.8333333333333333
EP05796382,EP1792363,Multilevel antenna,Inactive-Abandoned,European Patent,,2009-02-09,65,65,0.8877408307845136
US11662044,US20080074332,Multilevel antenna,Inactive-Abandoned,United States,2011-04-19,2015-04-19,43,66,0.845035029932293
PCTEP2005010131,WO2006032455,Multilevel antenna,Inactive-Nationalized,International,,,61,65,1.2962774161503674
US60613394,,Tunable antenna,Inactive-Expired,United States,,2005-09-27,0,0,0.8333333333333333
EP05784662,EP1810369,Tunable antenna,Inactive-Abandoned,European Patent,,2009-01-26,99,99,1.0251744961179514
US11576015,US2008062049,Tunable antenna,Granted,United States,2011-04-12,2027-02-15,0,0,2.5
PCTEP2005054297,WO2006034940,Tunable antenna,Inactive-Nationalized,International,,,96,99,1.4357436018090084
US60640380,,Unknown antenna,Inactive-Expired,United States,,2005-12-30,0,0,0.8333333333333333
US60627653,,Wireless device antenna,Inactive-Expired,United States,,2005-11-12,0,0,0.8333333333333333
EP05807970,EP1810368,Wireless device antenna,Inactive-Abandoned,European Patent,,2009-06-03,49,49,0.8230661647452487
US12834177,US20100302122,Wireless device antenna,Granted,United States,2011-12-13,2024-11-12,24,50,2.649262802917418
US13282767,US20120038536,Wireless device antenna,Granted,United States,2013-07-23,2024-11-12,46,50,2.6939782500718894
US13925184,US20140002321,Wireless device antenna,Granted,United States,2015-06-09,2024-11-12,48,49,2.6960336444200457
US14694603,US20150229022,Wireless device antenna,Granted,United States,2022-03-15,2025-06-28,44,49,2.6879035631192325
US11719151,US20070252773,Wireless device antenna,Granted,United States,2010-08-24,2026-06-15,30,50,2.6614579248686376
PCTEP2005055959,WO2006051113,Wireless device antenna,Inactive-Nationalized,International,,,43,49,1.2275377094606958
US17665026,US20220158339,Wireless device antenna,Filed,United States,,,49,49,1.031399498078582
US60640645,,Unknown antenna,Inactive-Expired,United States,,2005-12-30,0,0,0.8333333333333333
EP05850506,EP1831955,Unknown antenna,Inactive-Abandoned,European Patent,,2009-11-16,46,46,0.8109396648628866
US13044689,US20110156975,Unknown antenna,Inactive-Abandoned,United States,,2013-09-03,17,49,0.7580255143387447
US11793406,US20080231521,Unknown antenna,Granted,United States,2011-04-26,2026-11-17,19,49,2.6370905549891512
PCTEP2005057215,WO2006070017,Unknown antenna,Inactive-Nationalized,International,,,40,46,1.2154112095783338
EP05102942,,Unknown antenna,Inactive-Abandoned,European Patent,,2006-04-15,0,0,0.625
US60678571,,Unknown antenna,Inactive-Expired,United States,,2006-05-06,0,0,0.8333333333333333
EP06849393,EP1911122,Unknown antenna,Inactive-Abandoned,European Patent,,2010-04-12,43,43,0.7988131649805243
US11886980,US20090213029,Unknown antenna,Granted,United States,2012-06-05,2027-04-12,19,43,2.6250326771756463
PCTEP2006061564,WO2007098810,Unknown antenna,Inactive-Nationalized,International,,,35,43,1.199219669045565
EP05104930,,Wireless device antenna,Inactive-Abandoned,European Patent,,2006-06-07,0,0,0.625
US60688596,,Wireless device antenna,Inactive-Expired,United States,,2006-06-08,0,0,0.8333333333333333
EP06743114,EP1890765,Wireless device antenna,Inactive-Abandoned,European Patent,,2010-04-30,10,10,0.6654216662745405
US11921537,US20090248112,Wireless device antenna,Granted,United States,2013-10-22,2027-09-25,7,10,2.5343241052989307
PCTEP2006005368,WO2006131302,Wireless device antenna,Inactive-Nationalized,International,,,5,10,1.071925731315191
EP05106694,,Unknown antenna,Inactive-Abandoned,European Patent,,2006-07-21,0,0,0.625
US60702205,,Unknown antenna,Inactive-Expired,United States,,2006-07-25,0,0,0.8333333333333333
EP06818234,EP1911124,Unknown antenna,Inactive-Abandoned,European Patent,,2010-06-19,26,26,0.7300963323138054
US13341051,US20120098719,Unknown antenna,Granted,United States,2013-01-29,2025-07-21,25,26,2.603063811988602
US13718348,US20130229317,Unknown antenna,Granted,United States,2014-08-19,2025-07-21,25,26,2.603063811988602
US11988888,US20090262028,Unknown antenna,Granted,United States,2012-02-14,2026-12-09,14,26,2.5807060884113664
PCTEP2006007050,WO2007028448,Unknown antenna,Inactive-Nationalized,International,,,20,26,1.1345678770292529
EP05107095,,Unknown antenna,Inactive-Abandoned,European Patent,,2006-08-01,0,0,0.625
US60704542,,Unknown antenna,Inactive-Expired,United States,,2006-08-02,0,0,0.8333333333333333
EP06762906,EP1911121,Unknown antenna,Inactive-Abandoned,European Patent,,2010-06-22,13,13,0.6775481661569027
US11989435,US20090146906,Unknown antenna,Inactive-Abandoned,United States,2011-08-02,2019-08-02,10,13,0.8797839385146262
PCTEP2006007565,WO2007014737,Unknown antenna,Inactive-Nationalized,International,,,9,13,1.0860847515227563
EP05108616,,Wireless device antenna,Inactive-Abandoned,European Patent,,2006-09-19,0,0,0.625
US60718537,,Wireless device antenna,Inactive-Expired,United States,,2006-09-19,0,0,0.8333333333333333
EP06792100,EP1927156,Wireless device antenna,Inactive-Abandoned,European Patent,,2009-05-27,38,38,0.7786023318432542
US13369354,,Wireless device antenna,Inactive-Abandoned,United States,,2012-11-08,0,0,0.625
US12066897,US20080252536,Wireless device antenna,Inactive-Abandoned,United States,2011-03-08,2015-03-08,35,38,0.7725047708676445
US13014283,US20110175776,Wireless device antenna,Inactive-Abandoned,United States,2012-03-20,2016-03-20,17,38,0.7359194050139859
PCTEP06009019,WO2007039071,Wireless device antenna,Inactive-Nationalized,International,,,34,38,1.1871389172091078
EP 05109585,,Multiband antenna,Inactive-Sold,European Patent,,2006-10-14,0,0,1.0416666666666667
US60727981,,Multiband antenna,Inactive-Sold,United States,,2006-10-18,0,0,1.0416666666666667
EP06809112,EP1935057,Multiband antenna,Inactive-Sold,Spain,2012-02-01,2025-10-14,125,125,2.796937495098424
EP06809112,DE602006027461,Multiband antenna,Inactive-Sold,Germany,2012-02-01,2025-10-14,0,0,2.291666666666667
US13933636,US20140002326,Multiband antenna,Inactive-Sold,United States,2014-06-17,2025-10-14,125,125,2.796937495098424
US14282488,US20140253407,Multiband antenna,Inactive-Sold,United States,2016-09-20,2025-10-14,123,126,2.7948821007502684
US15232160,US20160352003,Multiband antenna,Inactive-Sold,United States,2019-02-19,2025-10-14,113,131,2.7846051290094898
EP06809112,EP1935057,Multiband antenna,Inactive-Sold,European Patent,2012-02-01,2025-10-14,125,125,2.796937495098424
US12089751,US20090224995,Multiband antenna,Inactive-Sold,United States,2013-07-30,2029-04-09,52,129,2.65660209656759
PCTIB2006002975,WO2007042938,Multiband antenna,Inactive-Sold,International,,,125,125,1.5469374950984238
US15977795,US20180261910,Multiband antenna,Inactive-Sold,United States,,,122,128,1.5468688730295663
EP05005540,,Slot antenna,Inactive-Abandoned,European Patent,,2006-03-15,0,0,0.625
EP06725083,EP1859508,Slot antenna,Inactive-Withdrawn,European Patent,,2009-10-01,56,56,0.8513613311374271
US12958522,US20110068995,Slot antenna,Granted,United States,2012-02-07,2025-03-15,26,58,2.6694050139858314
US13336127,US20120092226,Slot antenna,Granted,United States,2013-11-26,2025-03-15,54,57,2.7243059367892712
US11884991,US20080316118,Slot antenna,Granted,United States,2011-01-18,2027-01-06,42,56,2.6979060465845817
PCTEP2006060766,WO2006097496,Slot antenna,Inactive-Nationalized,International,,,50,56,1.255832875852874
EP05104026,,Slot antenna,Inactive-Abandoned,European Patent,,2006-05-13,0,0,0.625
US60680693,,Slot antenna,Inactive-Expired,United States,,2006-05-13,0,0,0.8333333333333333
EP06763138,EP1880444,Slot antenna,Inactive-Abandoned,European Patent,,2008-09-04,61,61,0.8715721642746974
US11914178,US20080198082,Slot antenna,Granted,United States,2013-09-10,2028-02-15,24,64,2.677397851148929
PCTEP2006062285,WO2006120250,Slot antenna,Inactive-Nationalized,International,,,56,61,1.278076229315348
EP06110437,,Slot antenna,Inactive-Abandoned,European Patent,,2007-02-27,0,0,0.625
US60778323,,Slot antenna,Inactive-Expired,United States,,2007-03-02,0,0,0.8333333333333333
US60788857,,Wireless device antenna,Inactive-Expired,United States,,2007-04-03,0,0,0.8333333333333333
EP06113473,,Wireless device antenna,Inactive-Abandoned,European Patent,,2007-05-04,0,0,0.625
US12226024,US20090156151,Wireless device antenna,Granted,United States,2013-06-25,2029-06-08,47,64,2.724145818628604
PCTEP06007782,WO2007128340,Wireless device antenna,Inactive-Nationalized,International,,,58,64,1.2881702088725069
US16027891,US2019002012,Unknown antenna,Inactive-NA,United States,2019-09-10,2026-06-08,0,0,1.875
EP06115119,,Unknown antenna,Inactive-Sold,European Patent,,2007-06-08,0,0,1.0416666666666667
US60812548,,Unknown antenna,Inactive-Sold,United States,,2007-06-09,0,0,1.0416666666666667
EP07729732,EP2025043,Unknown antenna,Inactive-Sold,European Patent,,2010-04-20,104,104,1.4620519959218887
US14635568,US20150171524,Unknown antenna,Inactive-Sold,United States,2018-07-24,2026-07-04,101,104,2.7059544349462787
US12227963,US20090318094,Unknown antenna,Inactive-Sold,United States,2015-04-14,2029-11-09,51,104,2.6043284186861166
PCTEP2007055329,WO2007141187,Unknown antenna,Inactive-Sold,International,,,103,104,1.460019475596685
EP06115954,,Wireless device antenna,Inactive-Abandoned,European Patent,,2007-06-23,0,0,0.625
US60816811,,Wireless device antenna,Inactive-Expired,United States,,2007-06-27,0,0,0.8333333333333333
US12308417,US20100019038,Wireless device antenna,Granted,United States,2012-06-12,2027-10-27,31,67,2.6976544323321043
PCTEP2007005547,WO2007147629,Wireless device antenna,Inactive-Nationalized,International,,,64,67,1.306394269730479
US60831544,,Wireless device antenna,Inactive-Expired,,,2007-07-18,0,0,0.8333333333333333
EP06117352,,Wireless device antenna,Inactive-Abandoned,,,2007-07-18,0,0,0.625
US60856410,,Wireless device antenna,Inactive-Expired,,,2007-11-03,0,0,0.8333333333333333
EP07765189,,Wireless device antenna,Inactive-Abandoned,,,2013-06-20,0,0,0.625
US12309463,US20090243943,Wireless device antenna,Inactive-Abandoned,,,2014-02-05,523,622,2.938008130081301
US15856626,US20180151945,Wireless device antenna,Granted,,2020-05-05,2026-07-18,615,615,4.985932475884244
US16832820,US20200295440,Wireless device antenna,Granted,,2021-06-08,2026-07-18,615,615,4.985932475884244
US14246491,US20140253395,Wireless device antenna,Granted,,2015-08-04,2026-07-18,613,615,4.981867435233838
US14738090,US20160099496,Wireless device antenna,Granted,,2018-02-20,2026-07-18,610,615,4.975769874258228
US17246192,US20210351493,Wireless device antenna,Granted,,2022-05-31,2026-07-18,615,615,4.985932475884244
US11614429,US20080018543,Wireless device antenna,Granted,,2014-05-27,2028-09-02,517,617,4.790764776618827
PCTEP2007006242,WO2008009391,Wireless device antenna,Inactive-Nationalized,,,,614,615,3.5255666222257083
US17704942,US20220328954,Wireless device antenna,Granted,,2023-08-22,2026-07-18,609,620,4.983785585444279
US18339523,US20230335886,Wireless device antenna,Filed,,,,614,620,3.327281520403629
US14807302,US20150333402,Wireless device antenna,Inactive-NA,United States,,2016-08-22,91,92,0.9948468094005698
US15331390,US20170040676,Wireless device antenna,Inactive-NA,United States,2019-11-12,2027-03-30,89,92,2.240781768750164
EP07105364,,Wireless device antenna,Inactive-Sold,European Patent,,2008-03-30,0,0,1.0416666666666667
US60910113,,Wireless device antenna,Inactive-Sold,United States,,2008-04-04,0,0,1.0416666666666667
EP08718205,EP2140517,Wireless device antenna,Inactive-Sold,European Patent,,2012-05-21,92,92,1.41354599639244
US12593290,US20100109955,Wireless device antenna,Inactive-Sold,United States,2015-09-08,2029-11-23,46,94,2.574069354037592
PCTEP2008053526,WO2008119699,Wireless device antenna,Inactive-Sold,International,,,85,92,1.399318354116017
US16597531,,Wireless device antenna,Inactive-NA,United States,,,0,0,0.625
EP07011177,,Dual-polarized antenna,Inactive-Sold,European Patent,,2008-06-06,0,0,1.0416666666666667
US60943612,,Dual-polarized antenna,Inactive-Sold,United States,,2008-06-13,0,0,1.0416666666666667
US12602927,US20100171675,Dual-polarized antenna,Inactive-Sold,United States,2013-01-15,2030-02-26,8,32,2.3722355109403184
PCTEP2008004539,WO2008148569,Dual-polarized antenna,Inactive-Sold,International,,,29,32,1.1649184377695867
US15670872,US20170338561,Wireless device antenna,Inactive-NA,United States,,2018-10-11,112,112,1.077722662274854
US15004151,US20160141756,Wireless device antenna,Inactive-NA,United States,2017-09-12,2028-08-04,110,112,2.323657621624448
EP08161722,,Wireless device antenna,Inactive-Sold,European Patent,,2009-08-04,0,0,1.0416666666666667
US61086838,,Wireless device antenna,Inactive-Sold,United States,,2009-08-07,0,0,1.0416666666666667
P200930444,,Wireless device antenna,Inactive-Sold,Spain,,2010-07-13,0,0,1.0416666666666667
CN200980130704,CN102119467,Wireless device antenna,Inactive-Sold,China P.R.,,2013-01-15,98,101,1.4438279350639167
EP09777591,EP2319122,Wireless device antenna,Inactive-Sold,European Patent,,2013-03-07,99,99,1.4418411627846182
US14738115,US20150280314,Wireless device antenna,Inactive-Sold,United States,2016-03-01,2028-08-04,110,112,2.7403242882911143
US12669147,US20100188300,Wireless device antenna,Inactive-Sold,United States,2012-06-19,2029-07-15,67,100,2.6288101586803654
US13476503,US20120242557,Wireless device antenna,Inactive-Sold,United States,2015-09-08,2029-09-03,110,112,2.7403242882911143
PCTEP09005579,WO2010015365,Wireless device antenna,Inactive-Sold,International,,,97,99,1.4377761221342116
US15973124,US20180254558,Wireless device antenna,Inactive-NA,United States,,,110,112,1.0736576216244478
US15131920,US20160233584,Wireless device antenna,Inactive-NA,United States,2018-05-01,2028-08-04,111,112,2.325690141949651
US15927497,US20180277952,Wireless device antenna,Inactive-NA,United States,2019-04-02,2028-08-04,112,112,2.327722662274854
EP08172925,,Wireless device antenna,Inactive-Sold,European Patent,,2009-12-24,0,0,1.0416666666666667
US61142523,,Wireless device antenna,Inactive-Sold,United States,,2010-01-05,0,0,1.0416666666666667
P200930499,,Wireless device antenna,Inactive-Sold,Spain,,2010-07-24,0,0,1.0416666666666667
CN200980130669,CN102084542,Wireless device antenna,Inactive-Sold,China P.R.,2014-01-22,2028-08-04,99,99,2.6918411627846184
US14257511,US20140340276,Wireless device antenna,Inactive-Sold,United States,2016-05-24,2028-08-07,111,112,2.742356808616318
US13530704,US20130154896,Wireless device antenna,Inactive-Sold,United States,2014-05-27,2028-09-02,112,112,2.744389328941521
US12669928,US20100176999,Wireless device antenna,Inactive-Sold,United States,2012-08-07,2029-07-26,76,114,2.675237889838706
PCTEP09005578,WO2010015364,Wireless device antenna,Inactive-Sold,International,,,108,112,1.486259247640708
EP09777590,EP2319121,Wireless device antenna,Inactive-Sold,European Patent,,,99,99,1.4418411627846182
US16275792,US20190252779,Wireless device antenna,Inactive-NA,United States,,,112,112,1.077722662274854
EP09163057,,Wireless device antenna,Inactive-Sold,European Patent,,2010-06-18,0,0,1.0416666666666667
US61218522,,Wireless device antenna,Inactive-Sold,United States,,2010-06-19,0,0,1.0416666666666667
US61220371,,Wireless device antenna,Inactive-Sold,United States,,2010-06-25,0,0,1.0416666666666667
P201000508,,Wireless device antenna,Inactive-Sold,Spain,,2011-04-21,0,0,1.0416666666666667
EP10727677,,Wireless device antenna,Inactive-Sold,European Patent,,2012-03-07,0,0,1.0416666666666667
US13378588,US20120139813,Wireless device antenna,Inactive-Sold,United States,,2014-09-04,6,10,1.0739582516403945
PCTEP2010003645,WO2010145825,Wireless device antenna,Inactive-Sold,International,,,3,10,1.0678606906647845
US61661885,,Wireless device antenna,Inactive-Sold,United States,,2013-06-20,0,0,1.0416666666666667
US61300573,,Wireless device antenna,Inactive-Sold,United States,,2011-02-02,0,0,1.0416666666666667
EP10152402,,Wireless device antenna,Inactive-Sold,European Patent,,2012-10-10,0,0,1.0416666666666667
US13552311,US20120299786,Wireless device antenna,Inactive-Sold,United States,2015-09-29,2031-02-07,87,91,2.651373748464173
PCTEP2011000472,WO2011095330,Wireless device antenna,Inactive-Sold,International,,,81,91,1.389178626512953
P201031121,,Wireless device antenna,Inactive-Sold,Spain,,,0,0,1.0416666666666667
US15266085,US20170005398,Wireless device antenna,Inactive-NA,United States,2018-06-12,2030-08-03,92,94,2.2508986223302747
US61370368,,Wireless device antenna,Inactive-Sold,United States,,2011-08-03,0,0,1.0416666666666667
CN201180042288,CN103155276,Wireless device antenna,Inactive-Sold,China P.R.,2015-11-25,2030-08-03,90,93,2.6614906020442843
US14581044,US20150162667,Wireless device antenna,Inactive-Sold,United States,2015-08-18,2030-08-03,93,93,2.667588163019894
US13755189,US20130187825,Wireless device antenna,Inactive-Sold,United States,2015-02-10,2030-12-19,91,93,2.6635231223694875
PCTEP2011063377,WO2012017013,Wireless device antenna,Inactive-Sold,International,,,86,94,1.405370167045722
P201130202,,Wireless device antenna,Inactive-Sold,Spain,,,0,0,1.0416666666666667
EP10171703,,Wireless device antenna,Inactive-Sold,European Patent,,,0,0,1.0416666666666667
US14807329,US20150333414,Wireless device antenna,Inactive-NA,United States,,,93,93,1.0009214963532271
US13799857,US20130342416,Wireless device antenna,Inactive-Sold,United States,2017-02-21,2032-11-04,26,30,2.4048015841894754
US15415586,US20170201015,Wireless device antenna,Inactive-NA,United States,,,18,30,0.7218747549211826
US61671906,,Wireless device antenna,Inactive-Sold,United States,,2013-07-16,0,0,1.0416666666666667
CN201380038225,CN104798251A,Wireless device antenna,Inactive-Sold,China P.R.,2017-12-19,2032-07-16,40,44,2.4613919169738323
US13803100,US20140015730,Wireless device antenna,Inactive-Sold,United States,2016-06-28,2033-05-02,43,44,2.467489477949442
PCTEP2013064117,WO2014012796,Wireless device antenna,Inactive-Sold,International,,,31,46,1.1971185266515043
EP13753587,EP2873111,Wireless device antenna,Inactive-Sold,European Patent,,,43,44,1.2174894779494418
US15163469,,Wireless device antenna,Inactive-NA,United States,,,0,0,0.625
US15608461,US20170288309,Wireless device antenna,Inactive-NA,United States,,,39,44,0.7926927299819622
US15093513,US20160218418,Wireless device antenna,Inactive-NA,United States,2018-01-09,2032-07-16,45,51,2.068955376048937
US13946922,US20140015728,Wireless device antenna,Inactive-Sold,United States,2016-05-03,2033-03-12,48,51,2.491719603691214
CN201380038245,CN104508905,Wireless device antenna,Inactive-Sold,China P.R.,2016-10-19,2033-07-10,40,44,2.4613919169738323
PCTEP2013064692,WO2014012842,Wireless device antenna,Inactive-Sold,International,,,37,45,1.207304002300473
EP13762997,EP2873112,Wireless device antenna,Inactive-Sold,European Patent,,,44,44,1.219521998274645
US15835007,US20180097278,Wireless device antenna,Inactive-NA,United States,,,50,51,0.8291179776749535
US16280525,US20190181540,Wireless device antenna,Inactive-NA,United States,,,47,52,0.8250300630015948
US15875817,US20180145399,Unknown antenna,Inactive-NA,United States,2019-03-19,2034-07-24,77,77,2.186246830313962
US61837265,,Virtual antenna,Inactive-Sold,United States,,2014-06-21,0,0,1.0416666666666667
EP13003171,,Virtual antenna,Inactive-Sold,European Patent,,2014-06-21,0,0,1.0416666666666667
US14308175,US20140375521,Virtual antenna,Inactive-Sold,United States,2018-08-28,2034-11-27,24,27,2.394707604632317
US14807449,US20160028152,Unknown antenna,Inactive-NA,United States,2018-05-01,2034-09-28,69,77,2.1699866677123363
EP14178369,,Unknown antenna,Inactive-Sold,European Patent,,2015-07-24,0,0,1.0416666666666667
US62028494,,Unknown antenna,Inactive-Sold,United States,,2016-07-24,0,0,1.0416666666666667
PCTEP2015066778,WO2016012507,Unknown antenna,Inactive-NA,International,,,72,77,0.926084228687946
CN201580041769,CN106575816,Unknown antenna,Inactive-NA,China P.R.,,,71,78,0.9260613546649936
US16274013,US20190190122,Unknown antenna,Inactive-NA,United States,,,77,77,0.9362468303139624
EP15177826,EP2978069,Unknown antenna,Inactive-NA,European Patent,,,63,81,0.91583013097012
EP14189253,,Wireless device antenna,Inactive-Sold,European Patent,,2015-01-05,0,0,1.0416666666666667
EP14191145,,Wireless device antenna,Inactive-Sold,European Patent,,2015-01-20,0,0,1.0416666666666667
EP15165167,,Wireless device antenna,Inactive-Sold,European Patent,,2015-07-03,0,0,1.0416666666666667
US62064716,,Wireless device antenna,Inactive-Sold,United States,,2015-10-16,0,0,1.0416666666666667
US62072671,,Wireless device antenna,Inactive-Sold,United States,,2015-10-30,0,0,1.0416666666666667
US62152991,,Wireless device antenna,Inactive-Sold,United States,,2016-04-27,0,0,1.0416666666666667
US16180441,US20190260125,Wireless device antenna,Inactive-NA,United States,2020-01-08,2035-03-27,27,27,1.9841384989412596
US15081467,US20160285166,Wireless device antenna,Inactive-NA,United States,2019-03-05,2035-06-15,23,27,1.9760084176404464
EP15161245,,Wireless device antenna,Inactive-Sold,European Patent,,2016-03-27,0,0,1.0416666666666667
US62139809,,Wireless device antenna,Inactive-Sold,United States,,2016-03-30,0,0,1.0416666666666667
EP16162691,EP3073568,Wireless device antenna,Inactive-NA,European Patent,,,17,30,0.7198422345959793
US14878520,US20160111790,Multiband antenna,Inactive-NA,United States,2019-02-05,2035-08-26,16,17,1.941684312341516
EP15167298,,Multiband antenna,Inactive-Sold,European Patent,,2015-07-23,0,0,1.0416666666666667
US62159998,,Multiband antenna,Inactive-Sold,United States,,2016-05-12,0,0,1.0416666666666667
US16232749,US20190221936,Multiband antenna,Inactive-NA,United States,,,17,17,0.6937168326667188
US62277541,,Wireless device antenna,Inactive-NA,United States,,2017-01-12,0,0,0.625
US15404969,US20170202058,Wireless device antenna,Inactive-NA,United States,2018-11-06,2036-01-12,32,36,2.012387917287533
EP16150835,,Wireless device antenna,Inactive-NA,European Patent,,,0,0,0.625
P201600816,,Wireless device antenna,Inactive-NA,Spain,,,0,0,0.625
US16160613,US20190089397,Wireless device antenna,Inactive-NA,United States,,,31,36,0.7603553969623298
EP16153856,,Wireless device antenna,Inactive-NA,European Patent,,2016-04-07,0,0,0.625
US62281749,,Wireless device antenna,Inactive-NA,United States,,2017-01-22,0,0,0.625
US15411414,US20170214776,Wireless device antenna,Inactive-NA,United States,2018-06-26,2036-01-22,10,14,1.923460251483544
US62286469,,Multiband antenna,Inactive-NA,United States,,2017-01-25,0,0,0.625
US15415557,US20170214137,Multiband antenna,Inactive-NA,United States,2019-07-09,2036-05-01,4,5,1.8931783128120672
US16433744,,Multiband antenna,Inactive-NA,United States,,,0,0,0.625
US62289415,,Wireless device antenna,Inactive-NA,United States,,2017-02-01,0,0,0.625
US15422044,US20170222302,Wireless device antenna,Inactive-NA,United States,,,4,9,0.6512168980210702
US62295577,,Wireless device antenna,Inactive-NA,United States,,2017-02-16,0,0,0.625
EP16157627,,Wireless device antenna,Inactive-NA,European Patent,,,0,0,0.625
US15434960,US20170237151,Wireless device antenna,Inactive-NA,United States,,,25,30,0.7361023971976054
US62328073,,Wireless device antenna,Inactive-NA,United States,,2017-04-27,0,0,0.625
US15499551,US20170317406,Wireless device antenna,Inactive-NA,United States,,,56,56,0.8513613311374271
EP16174098,,Wireless device antenna,Inactive-NA,European Patent,,2017-06-13,0,0,0.625
US62349124,,Wireless device antenna,Inactive-NA,United States,,2017-06-13,0,0,0.625
US15621792,US20170358848,Wireless device antenna,Inactive-NA,United States,2020-03-24,2036-06-13,21,25,1.9679240843855383
US62424592,,Wireless device antenna,Inactive-NA,United States,,2017-11-21,0,0,0.625
US62444389,,Virtual antenna,Inactive-NA,United States,,2018-01-10,0,0,0.625
PCTEP201806843,,Wireless device antenna,Inactive-NA,International,,,0,13,0.6511254019292605
EP17199281,,Virtual antenna,Inactive-NA,European Patent,,2018-10-30,0,0,0.625
US62578538,,Virtual antenna,Inactive-NA,United States,,2018-10-30,0,0,0.625
PCTEP2018079760,WO2019086486,Virtual antenna,Inactive-NA,International,,,8,13,0.6673855645308866
